regime,left,right,length,source,metric,mean,ci95_low,ci95_high
8b_full,synthid_depth2,synthid_depth10,400,outputs/self_bleu_depth/depth2_30_v1/summary.json,self_bleu,-0.003079614436774353,-0.006831737356709757,0.00036235329726635866
8b_full,synthid_depth2,synthid_depth10,400,outputs/self_bleu_depth/depth2_30_v1/summary.json,tpr,0.0,0.0,0.0
8b_full,synthid_depth2,synthid_depth10,1024,outputs/self_bleu_depth/depth2_30_v1/summary.json,self_bleu,-0.0021930107616610186,-0.005888861558630987,0.0014839957594932518
8b_full,synthid_depth2,synthid_depth10,1024,outputs/self_bleu_depth/depth2_30_v1/summary.json,tpr,0.0,0.0,0.0
8b_full,synthid_depth30,synthid_depth10,400,outputs/self_bleu_depth/depth2_30_v1/summary.json,self_bleu,0.01116848375473129,0.005350895233040899,0.01795926918955909
8b_full,synthid_depth30,synthid_depth10,400,outputs/self_bleu_depth/depth2_30_v1/summary.json,tpr,0.0,0.0,0.0
8b_full,synthid_depth30,synthid_depth10,1024,outputs/self_bleu_depth/depth2_30_v1/summary.json,self_bleu,0.006839769331078953,0.0020931214693748756,0.01190413183385791
8b_full,synthid_depth30,synthid_depth10,1024,outputs/self_bleu_depth/depth2_30_v1/summary.json,tpr,0.0,0.0,0.0
8b_full,synthid_depth30,synthid_depth2,400,outputs/self_bleu_depth/depth2_30_v1/summary.json,self_bleu,0.014248098191505642,0.007755308469294475,0.021745059189660864
8b_full,synthid_depth30,synthid_depth2,400,outputs/self_bleu_depth/depth2_30_v1/summary.json,tpr,0.0,0.0,0.0
8b_full,synthid_depth30,synthid_depth2,1024,outputs/self_bleu_depth/depth2_30_v1/summary.json,self_bleu,0.009032780092739971,0.003465190124663882,0.014716699762327756
8b_full,synthid_depth30,synthid_depth2,1024,outputs/self_bleu_depth/depth2_30_v1/summary.json,tpr,0.0,0.0,0.0
8b_full,prc,synthid_depth2,400,outputs/self_bleu_depth/depth2_30_v1/summary.json,self_bleu,0.0002173005943603002,-0.0034515577066651913,0.003990814807907832
8b_full,prc,synthid_depth2,400,outputs/self_bleu_depth/depth2_30_v1/summary.json,tpr,-0.45,-0.56,-0.35
8b_full,prc,synthid_depth2,400,outputs/self_bleu_depth/depth2_30_v1/summary.json,distinct_3,0.0034170854271356756,-0.002161432160804022,0.009271356783919587
8b_full,prc,synthid_depth2,400,outputs/self_bleu_depth/depth2_30_v1/summary.json,repeated_4gram_fraction,-0.004584382871536528,-0.010428841309823684,0.00027707808564229853
8b_full,prc,synthid_depth2,1024,outputs/self_bleu_depth/depth2_30_v1/summary.json,self_bleu,-0.0009681857092633979,-0.004592188040402144,0.0026491254041800852
8b_full,prc,synthid_depth2,1024,outputs/self_bleu_depth/depth2_30_v1/summary.json,tpr,-0.03,-0.07,0.0
8b_full,prc,synthid_depth2,1024,outputs/self_bleu_depth/depth2_30_v1/summary.json,distinct_3,0.00995107632093934,-0.003894324853228945,0.024031800391389416
8b_full,prc,synthid_depth2,1024,outputs/self_bleu_depth/depth2_30_v1/summary.json,repeated_4gram_fraction,-0.00893241919686582,-0.02093070519098923,0.0028795298726738503
8b_full,prc,synthid_depth10,400,outputs/self_bleu_depth/depth2_30_v1/summary.json,self_bleu,-0.002862313842414053,-0.0066420135899870935,0.000909711360009678
8b_full,prc,synthid_depth10,400,outputs/self_bleu_depth/depth2_30_v1/summary.json,tpr,-0.45,-0.56,-0.35
8b_full,prc,synthid_depth10,400,outputs/self_bleu_depth/depth2_30_v1/summary.json,distinct_3,-0.0017839195979899402,-0.0074886934673366835,0.0036934673366834183
8b_full,prc,synthid_depth10,400,outputs/self_bleu_depth/depth2_30_v1/summary.json,repeated_4gram_fraction,0.0007808564231738024,-0.002922544080604539,0.004433249370277074
8b_full,prc,synthid_depth10,1024,outputs/self_bleu_depth/depth2_30_v1/summary.json,self_bleu,-0.003161196470924417,-0.007311426747785856,0.0010175746942455157
8b_full,prc,synthid_depth10,1024,outputs/self_bleu_depth/depth2_30_v1/summary.json,tpr,-0.03,-0.07,0.0
8b_full,prc,synthid_depth10,1024,outputs/self_bleu_depth/depth2_30_v1/summary.json,distinct_3,0.000763209393346378,-0.009687133072407046,0.011527886497064566
8b_full,prc,synthid_depth10,1024,outputs/self_bleu_depth/depth2_30_v1/summary.json,repeated_4gram_fraction,-0.00040156709108716827,-0.009052154750244856,0.008002448579823702
8b_full,prc,synthid_depth30,400,outputs/self_bleu_depth/depth2_30_v1/summary.json,self_bleu,-0.014030797597145341,-0.020710289311430954,-0.008313712366522476
8b_full,prc,synthid_depth30,400,outputs/self_bleu_depth/depth2_30_v1/summary.json,tpr,-0.45,-0.56,-0.35
8b_full,prc,synthid_depth30,1024,outputs/self_bleu_depth/depth2_30_v1/summary.json,self_bleu,-0.010000965802003367,-0.015463436037155207,-0.005056046206130227
8b_full,prc,synthid_depth30,1024,outputs/self_bleu_depth/depth2_30_v1/summary.json,tpr,-0.03,-0.07,0.0
8b_full,prc,null,400,outputs/self_bleu_depth/depth2_30_v1/summary.json,self_bleu,0.00029125518764258916,-0.0037643004213895096,0.004202899345152091
8b_full,prc,null,400,outputs/self_bleu_depth/depth2_30_v1/summary.json,distinct_3,0.0013065326633165796,-0.0051532663316583,0.008292085427135679
8b_full,prc,null,400,outputs/self_bleu_depth/depth2_30_v1/summary.json,repeated_4gram_fraction,-0.0020403022670025216,-0.007003778337531489,0.002544710327455908
8b_full,prc,null,1024,outputs/self_bleu_depth/depth2_30_v1/summary.json,self_bleu,-0.0003786073024879859,-0.0036896629270316717,0.002974776667884609
8b_full,prc,null,1024,outputs/self_bleu_depth/depth2_30_v1/summary.json,distinct_3,0.004696673189823859,-0.009151174168297473,0.02088576320939328
8b_full,prc,null,1024,outputs/self_bleu_depth/depth2_30_v1/summary.json,repeated_4gram_fraction,-0.005416258570029383,-0.021088393731635652,0.006300440744368247
8b_full,synthid_depth2,null,400,outputs/self_bleu_depth/depth2_30_v1/summary.json,self_bleu,7.395459328228986e-05,-0.0036938642283421298,0.003932136222041129
8b_full,synthid_depth2,null,400,outputs/self_bleu_depth/depth2_30_v1/summary.json,distinct_3,-0.0021105527638190956,-0.010326633165829147,0.005778894472361804
8b_full,synthid_depth2,null,400,outputs/self_bleu_depth/depth2_30_v1/summary.json,repeated_4gram_fraction,0.002544080604534007,-0.003955289672544085,0.009672544080604539
8b_full,synthid_depth2,null,1024,outputs/self_bleu_depth/depth2_30_v1/summary.json,self_bleu,0.0005895784067754121,-0.003342912717752233,0.004868899193490705
8b_full,synthid_depth2,null,1024,outputs/self_bleu_depth/depth2_30_v1/summary.json,distinct_3,-0.005254403131115482,-0.020926369863013723,0.012711105675146758
8b_full,synthid_depth2,null,1024,outputs/self_bleu_depth/depth2_30_v1/summary.json,repeated_4gram_fraction,0.0035161606268364364,-0.013429480901077375,0.017884671890303617
8b_full,synthid_depth10,null,400,outputs/self_bleu_depth/depth2_30_v1/summary.json,self_bleu,0.003153569030056643,-0.0008412897643799069,0.006943966286319806
8b_full,synthid_depth10,null,400,outputs/self_bleu_depth/depth2_30_v1/summary.json,distinct_3,0.00309045226130652,-0.0024880653266331878,0.00874371859296479
8b_full,synthid_depth10,null,400,outputs/self_bleu_depth/depth2_30_v1/summary.json,repeated_4gram_fraction,-0.0028211586901763243,-0.007128463476070525,0.0012600755667506172
8b_full,synthid_depth10,null,1024,outputs/self_bleu_depth/depth2_30_v1/summary.json,self_bleu,0.00278258916843643,-0.0005513064294158772,0.0062185293631929145
8b_full,synthid_depth10,null,1024,outputs/self_bleu_depth/depth2_30_v1/summary.json,distinct_3,0.003933463796477481,-0.008767857142857157,0.019149706457925623
8b_full,synthid_depth10,null,1024,outputs/self_bleu_depth/depth2_30_v1/summary.json,repeated_4gram_fraction,-0.005014691478942215,-0.01983496571988247,0.006534035259549458
8b_full,synthid_depth30,null,400,outputs/self_bleu_depth/depth2_30_v1/summary.json,self_bleu,0.014322052784787933,0.008131606835822949,0.021588265004564407
8b_full,synthid_depth30,null,1024,outputs/self_bleu_depth/depth2_30_v1/summary.json,self_bleu,0.009622358499515381,0.005285328269035391,0.014578589578517476
8b_topk,prc,synthid_depth2,1024,outputs/self_bleu_topk/matched_v2/summary.json,distinct_3,-0.001007827788649711,-0.01016658512720155,0.008445694716242623
8b_topk,prc,synthid_depth2,1024,outputs/self_bleu_topk/matched_v2/summary.json,repeated_4gram_fraction,0.0012144955925563162,-0.00741454456415279,0.009276934378060701
8b_topk,prc,synthid_depth2,1024,outputs/self_bleu_topk/matched_v2/summary.json,self_bleu,0.0009506368956599169,-0.005026503634944219,0.007339588228379803
8b_topk,prc,synthid_depth2,1024,outputs/self_bleu_topk/matched_v2/summary.json,tpr,-0.15,-0.22024999999999997,-0.08
8b_topk,prc,synthid_depth2,400,outputs/self_bleu_topk/matched_v2/summary.json,distinct_3,0.0010804020100502409,-0.005578517587939704,0.008191582914572839
8b_topk,prc,synthid_depth2,400,outputs/self_bleu_topk/matched_v2/summary.json,repeated_4gram_fraction,-0.0009571788413098259,-0.006624685138539048,0.004056675062972285
8b_topk,prc,synthid_depth2,400,outputs/self_bleu_topk/matched_v2/summary.json,self_bleu,0.001240981089084942,-0.003978158749302072,0.006648229633543723
8b_topk,prc,synthid_depth2,400,outputs/self_bleu_topk/matched_v2/summary.json,tpr,-0.67,-0.76,-0.58
8b_topk,prc,synthid_depth10,1024,outputs/self_bleu_topk/matched_v2/summary.json,distinct_3,0.0007045009784735833,-0.011116193737769085,0.01270083170254403
8b_topk,prc,synthid_depth10,1024,outputs/self_bleu_topk/matched_v2/summary.json,repeated_4gram_fraction,-0.0017825661116552339,-0.012657443682664055,0.008776199804113623
8b_topk,prc,synthid_depth10,1024,outputs/self_bleu_topk/matched_v2/summary.json,self_bleu,-0.0034631250681246605,-0.009574626110700526,0.0027389641664289422
8b_topk,prc,synthid_depth10,1024,outputs/self_bleu_topk/matched_v2/summary.json,tpr,-0.15,-0.22024999999999997,-0.08
8b_topk,prc,synthid_depth10,400,outputs/self_bleu_topk/matched_v2/summary.json,distinct_3,-0.002688442211055286,-0.00864384422110553,0.0031413316582914515
8b_topk,prc,synthid_depth10,400,outputs/self_bleu_topk/matched_v2/summary.json,repeated_4gram_fraction,0.0020654911838790934,-0.0024943324937027733,0.006852015113350125
8b_topk,prc,synthid_depth10,400,outputs/self_bleu_topk/matched_v2/summary.json,self_bleu,-0.0026851546163108053,-0.00914462857746207,0.003863075933737795
8b_topk,prc,synthid_depth10,400,outputs/self_bleu_topk/matched_v2/summary.json,tpr,-0.67,-0.76,-0.58
8b_topk,prc,synthid_depth30,1024,outputs/self_bleu_topk/matched_v2/summary.json,distinct_3,0.002358121330724079,-0.008748287671232865,0.012770303326810171
8b_topk,prc,synthid_depth30,1024,outputs/self_bleu_topk/matched_v2/summary.json,repeated_4gram_fraction,0.00021547502448580503,-0.00896204701273261,0.009500979431929487
8b_topk,prc,synthid_depth30,1024,outputs/self_bleu_topk/matched_v2/summary.json,self_bleu,-0.013755475424715037,-0.02064800876293087,-0.007171101768716003
8b_topk,prc,synthid_depth30,1024,outputs/self_bleu_topk/matched_v2/summary.json,tpr,-0.15,-0.22024999999999997,-0.08
8b_topk,prc,synthid_depth30,400,outputs/self_bleu_topk/matched_v2/summary.json,distinct_3,-0.001733668341708554,-0.008743718592964838,0.005402638190954754
8b_topk,prc,synthid_depth30,400,outputs/self_bleu_topk/matched_v2/summary.json,repeated_4gram_fraction,0.0029471032745591952,-0.0024181360201511264,0.007935138539042824
8b_topk,prc,synthid_depth30,400,outputs/self_bleu_topk/matched_v2/summary.json,self_bleu,-0.014264232879359816,-0.020806473412352915,-0.0071543044245657396
8b_topk,prc,synthid_depth30,400,outputs/self_bleu_topk/matched_v2/summary.json,tpr,-0.67,-0.76,-0.58
8b_topk,prc,null,1024,outputs/self_bleu_topk/matched_v2/summary.json,distinct_3,0.0007240704500978668,-0.009022504892367887,0.010774951076320958
8b_topk,prc,null,1024,outputs/self_bleu_topk/matched_v2/summary.json,repeated_4gram_fraction,0.001224289911851134,-0.007161361410381968,0.009599167482859945
8b_topk,prc,null,1024,outputs/self_bleu_topk/matched_v2/summary.json,self_bleu,0.0028968563117843403,-0.0015641082491812345,0.00754930456632079
8b_topk,prc,null,400,outputs/self_bleu_topk/matched_v2/summary.json,distinct_3,0.005778894472361798,-0.002311557788944714,0.014322864321608024
8b_topk,prc,null,400,outputs/self_bleu_topk/matched_v2/summary.json,repeated_4gram_fraction,-0.0045591939546599436,-0.011587531486146089,0.002040931989924434
8b_topk,prc,null,400,outputs/self_bleu_topk/matched_v2/summary.json,self_bleu,0.004464787968754553,-0.0006759615225620781,0.010205760609561437
8b_topk,synthid_depth2,null,1024,outputs/self_bleu_topk/matched_v2/summary.json,distinct_3,0.0017318982387475779,-0.00786741682974557,0.011076810176125256
8b_topk,synthid_depth2,null,1024,outputs/self_bleu_topk/matched_v2/summary.json,repeated_4gram_fraction,9.794319294817999e-06,-0.007326150832517127,0.007532810969637615
8b_topk,synthid_depth2,null,1024,outputs/self_bleu_topk/matched_v2/summary.json,self_bleu,0.0019462194161244234,-0.0034138230248430663,0.00716536931538288
8b_topk,synthid_depth2,null,400,outputs/self_bleu_topk/matched_v2/summary.json,distinct_3,0.0046984924623115565,-0.004547738693467338,0.014324120603015068
8b_topk,synthid_depth2,null,400,outputs/self_bleu_topk/matched_v2/summary.json,repeated_4gram_fraction,-0.0036020151133501176,-0.01128652392947102,0.0038035264483627256
8b_topk,synthid_depth2,null,400,outputs/self_bleu_topk/matched_v2/summary.json,self_bleu,0.0032238068796696107,-0.0013810884382999017,0.007992833832532967
8b_topk,synthid_depth10,null,1024,outputs/self_bleu_topk/matched_v2/summary.json,distinct_3,1.9569471624283354e-05,-0.01248532289628179,0.011752201565557747
8b_topk,synthid_depth10,null,1024,outputs/self_bleu_topk/matched_v2/summary.json,repeated_4gram_fraction,0.003006856023506368,-0.007063418217433885,0.014261263467189022
8b_topk,synthid_depth10,null,1024,outputs/self_bleu_topk/matched_v2/summary.json,self_bleu,0.006359981379909,0.0006081158265640995,0.01191014176519921
8b_topk,synthid_depth10,null,400,outputs/self_bleu_topk/matched_v2/summary.json,distinct_3,0.008467336683417084,0.0017587939698492502,0.01555339195979901
8b_topk,synthid_depth10,null,400,outputs/self_bleu_topk/matched_v2/summary.json,repeated_4gram_fraction,-0.006624685138539037,-0.01272040302267001,-0.0007808564231738014
8b_topk,synthid_depth10,null,400,outputs/self_bleu_topk/matched_v2/summary.json,self_bleu,0.007149942585065358,0.002180079239769966,0.012029782595768649
8b_topk,synthid_depth30,null,1024,outputs/self_bleu_topk/matched_v2/summary.json,distinct_3,-0.001634050880626212,-0.011754647749510757,0.008503669275929547
8b_topk,synthid_depth30,null,1024,outputs/self_bleu_topk/matched_v2/summary.json,repeated_4gram_fraction,0.001008814887365329,-0.007816356513222322,0.009951518119490693
8b_topk,synthid_depth30,null,1024,outputs/self_bleu_topk/matched_v2/summary.json,self_bleu,0.016652331736499378,0.010961800393058775,0.022351157157997056
8b_topk,synthid_depth30,null,400,outputs/self_bleu_topk/matched_v2/summary.json,distinct_3,0.0075125628140703515,-0.00012625628140702447,0.015352386934673359
8b_topk,synthid_depth30,null,400,outputs/self_bleu_topk/matched_v2/summary.json,repeated_4gram_fraction,-0.007506297229219139,-0.01413287153652392,-0.0011838790931989883
8b_topk,synthid_depth30,null,400,outputs/self_bleu_topk/matched_v2/summary.json,self_bleu,0.018729020848114373,0.01206190044171605,0.025521455662049948
0p6b_full,prc,synthid_depth2,1024,outputs/self_bleu_full_vocab/qwen3_0p6b_v1/summary.json,distinct_3,-0.011614481409001955,-0.02988356164383561,0.005384050880626221
0p6b_full,prc,synthid_depth2,1024,outputs/self_bleu_full_vocab/qwen3_0p6b_v1/summary.json,repeated_4gram_fraction,0.009196865817825655,-0.0053298237022527,0.02435871694417237
0p6b_full,prc,synthid_depth2,1024,outputs/self_bleu_full_vocab/qwen3_0p6b_v1/summary.json,self_bleu,0.0005137663361258198,-0.0014055195685728666,0.002478427043610073
0p6b_full,prc,synthid_depth2,1024,outputs/self_bleu_full_vocab/qwen3_0p6b_v1/summary.json,tpr,-0.01,-0.03,0.0
0p6b_full,prc,synthid_depth2,400,outputs/self_bleu_full_vocab/qwen3_0p6b_v1/summary.json,distinct_3,-0.006281407035175872,-0.014648869346733666,0.002136934673366838
0p6b_full,prc,synthid_depth2,400,outputs/self_bleu_full_vocab/qwen3_0p6b_v1/summary.json,repeated_4gram_fraction,0.004206549118387912,-0.002696473551637274,0.010528967254408066
0p6b_full,prc,synthid_depth2,400,outputs/self_bleu_full_vocab/qwen3_0p6b_v1/summary.json,self_bleu,-0.0012033571478097297,-0.003954809801745427,0.0011706434597007096
0p6b_full,prc,synthid_depth2,400,outputs/self_bleu_full_vocab/qwen3_0p6b_v1/summary.json,tpr,-0.21,-0.3,-0.12
0p6b_full,prc,synthid_depth10,1024,outputs/self_bleu_full_vocab/qwen3_0p6b_v1/summary.json,distinct_3,-0.006320939334637976,-0.01945621330724071,0.006813111545988237
0p6b_full,prc,synthid_depth10,1024,outputs/self_bleu_full_vocab/qwen3_0p6b_v1/summary.json,repeated_4gram_fraction,0.00569049951028403,-0.005397649363369252,0.017257590597453458
0p6b_full,prc,synthid_depth10,1024,outputs/self_bleu_full_vocab/qwen3_0p6b_v1/summary.json,self_bleu,-0.0008891157052073403,-0.0030214946156770163,0.0011092791144402471
0p6b_full,prc,synthid_depth10,1024,outputs/self_bleu_full_vocab/qwen3_0p6b_v1/summary.json,tpr,-0.01,-0.03,0.0
0p6b_full,prc,synthid_depth10,400,outputs/self_bleu_full_vocab/qwen3_0p6b_v1/summary.json,distinct_3,0.004924623115577909,-0.005779522613065311,0.015930276381909567
0p6b_full,prc,synthid_depth10,400,outputs/self_bleu_full_vocab/qwen3_0p6b_v1/summary.json,repeated_4gram_fraction,-0.00486146095717884,-0.013200251889168771,0.003174433249370273
0p6b_full,prc,synthid_depth10,400,outputs/self_bleu_full_vocab/qwen3_0p6b_v1/summary.json,self_bleu,-0.0032870700922599484,-0.007060789629259226,-0.00013516446432107785
0p6b_full,prc,synthid_depth10,400,outputs/self_bleu_full_vocab/qwen3_0p6b_v1/summary.json,tpr,-0.21,-0.3,-0.12
0p6b_full,prc,textseal_on,1024,outputs/self_bleu_full_vocab/qwen3_0p6b_v1/summary.json,distinct_3,0.0036301369863013643,-0.009511007827788662,0.014961105675146769
0p6b_full,prc,textseal_on,1024,outputs/self_bleu_full_vocab/qwen3_0p6b_v1/summary.json,repeated_4gram_fraction,0.003124387855044075,-0.006643241919686584,0.015067335945151793
0p6b_full,prc,textseal_on,1024,outputs/self_bleu_full_vocab/qwen3_0p6b_v1/summary.json,self_bleu,-0.024490426582789052,-0.028629985673579415,-0.02038547669860866
0p6b_full,prc,textseal_on,1024,outputs/self_bleu_full_vocab/qwen3_0p6b_v1/summary.json,tpr,-0.01,-0.03,0.0
0p6b_full,prc,textseal_on,400,outputs/self_bleu_full_vocab/qwen3_0p6b_v1/summary.json,distinct_3,0.0062814070351758875,-0.0028900753768844154,0.015479899497487433
0p6b_full,prc,textseal_on,400,outputs/self_bleu_full_vocab/qwen3_0p6b_v1/summary.json,repeated_4gram_fraction,-0.0035264483627204047,-0.011865239294710329,0.003955289672544076
0p6b_full,prc,textseal_on,400,outputs/self_bleu_full_vocab/qwen3_0p6b_v1/summary.json,self_bleu,-0.03352659582782261,-0.04112127226534592,-0.02588450817994499
0p6b_full,prc,textseal_on,400,outputs/self_bleu_full_vocab/qwen3_0p6b_v1/summary.json,tpr,-0.21,-0.3,-0.12
0p6b_full,prc,gumbel_on,1024,outputs/self_bleu_full_vocab/qwen3_0p6b_v1/summary.json,distinct_3,0.011027397260273972,-0.0048162915851271935,0.02496183953033268
0p6b_full,prc,gumbel_on,1024,outputs/self_bleu_full_vocab/qwen3_0p6b_v1/summary.json,repeated_4gram_fraction,-0.0019490695396669922,-0.013771057786483833,0.011401322233104784
0p6b_full,prc,gumbel_on,1024,outputs/self_bleu_full_vocab/qwen3_0p6b_v1/summary.json,self_bleu,-0.2051603417024999,-0.23436059548678304,-0.17784897978511355
0p6b_full,prc,gumbel_on,1024,outputs/self_bleu_full_vocab/qwen3_0p6b_v1/summary.json,tpr,-0.01,-0.03,0.0
0p6b_full,prc,gumbel_on,400,outputs/self_bleu_full_vocab/qwen3_0p6b_v1/summary.json,distinct_3,0.0017839195979899602,-0.007010678391959809,0.009951633165829137
0p6b_full,prc,gumbel_on,400,outputs/self_bleu_full_vocab/qwen3_0p6b_v1/summary.json,repeated_4gram_fraction,0.001914357682619644,-0.0031486146095717773,0.007506297229219135
0p6b_full,prc,gumbel_on,400,outputs/self_bleu_full_vocab/qwen3_0p6b_v1/summary.json,self_bleu,-0.4192489029004267,-0.4847041347429241,-0.3564303073185451
0p6b_full,prc,gumbel_on,400,outputs/self_bleu_full_vocab/qwen3_0p6b_v1/summary.json,tpr,-0.21,-0.3,-0.12
0p6b_full,prc,null,1024,outputs/self_bleu_full_vocab/qwen3_0p6b_v1/summary.json,distinct_3,-0.007827788649706464,-0.024266389432485325,0.0089941291585127
0p6b_full,prc,null,1024,outputs/self_bleu_full_vocab/qwen3_0p6b_v1/summary.json,repeated_4gram_fraction,0.0058863858961802126,-0.009913320274240944,0.020539177277179237
0p6b_full,prc,null,1024,outputs/self_bleu_full_vocab/qwen3_0p6b_v1/summary.json,self_bleu,-0.0006158818889552091,-0.0029007215533082714,0.0017208459897371073
0p6b_full,prc,null,400,outputs/self_bleu_full_vocab/qwen3_0p6b_v1/summary.json,distinct_3,-0.006231155778894464,-0.013970477386934667,0.0004780150753769097
0p6b_full,prc,null,400,outputs/self_bleu_full_vocab/qwen3_0p6b_v1/summary.json,repeated_4gram_fraction,0.004937027707808562,0.0005541561712846353,0.010076196473551633
0p6b_full,prc,null,400,outputs/self_bleu_full_vocab/qwen3_0p6b_v1/summary.json,self_bleu,-0.0017358553425875286,-0.004190689703151524,0.0006998084519746612
0p6b_full,synthid_depth2,null,1024,outputs/self_bleu_full_vocab/qwen3_0p6b_v1/summary.json,distinct_3,0.0037866927592954914,-0.011673434442270064,0.020717465753424646
0p6b_full,synthid_depth2,null,1024,outputs/self_bleu_full_vocab/qwen3_0p6b_v1/summary.json,repeated_4gram_fraction,-0.0033104799216454417,-0.018550685602350625,0.010148628795298719
0p6b_full,synthid_depth2,null,1024,outputs/self_bleu_full_vocab/qwen3_0p6b_v1/summary.json,self_bleu,-0.0011296482250810291,-0.0035394272114650507,0.0014710696284759238
0p6b_full,synthid_depth2,null,400,outputs/self_bleu_full_vocab/qwen3_0p6b_v1/summary.json,distinct_3,5.0251256281408364e-05,-0.007136306532663327,0.006885050251256287
0p6b_full,synthid_depth2,null,400,outputs/self_bleu_full_vocab/qwen3_0p6b_v1/summary.json,repeated_4gram_fraction,0.00073047858942065,-0.004609571788413109,0.006675692695214101
0p6b_full,synthid_depth2,null,400,outputs/self_bleu_full_vocab/qwen3_0p6b_v1/summary.json,self_bleu,-0.0005324981947777989,-0.003345662840511838,0.002508829442526026
0p6b_full,synthid_depth10,null,1024,outputs/self_bleu_full_vocab/qwen3_0p6b_v1/summary.json,distinct_3,-0.001506849315068488,-0.013386252446183954,0.010637720156555766
0p6b_full,synthid_depth10,null,1024,outputs/self_bleu_full_vocab/qwen3_0p6b_v1/summary.json,repeated_4gram_fraction,0.00019588638589618235,-0.011116797257590594,0.010656953966699315
0p6b_full,synthid_depth10,null,1024,outputs/self_bleu_full_vocab/qwen3_0p6b_v1/summary.json,self_bleu,0.00027323381625213116,-0.002615513916333864,0.0033082543490702367
0p6b_full,synthid_depth10,null,400,outputs/self_bleu_full_vocab/qwen3_0p6b_v1/summary.json,distinct_3,-0.011155778894472373,-0.020025753768844228,-0.003240577889447247
0p6b_full,synthid_depth10,null,400,outputs/self_bleu_full_vocab/qwen3_0p6b_v1/summary.json,repeated_4gram_fraction,0.009798488664987403,0.003224181360201513,0.01732997481108312
0p6b_full,synthid_depth10,null,400,outputs/self_bleu_full_vocab/qwen3_0p6b_v1/summary.json,self_bleu,0.0015512147496724194,-0.0017707995866063195,0.005381804466572586
0p6b_full,textseal_on,null,1024,outputs/self_bleu_full_vocab/qwen3_0p6b_v1/summary.json,distinct_3,-0.011457925636007829,-0.022397260273972593,0.001654843444226988
0p6b_full,textseal_on,null,1024,outputs/self_bleu_full_vocab/qwen3_0p6b_v1/summary.json,repeated_4gram_fraction,0.0027619980411361378,-0.0102360430950049,0.012889569049951026
0p6b_full,textseal_on,null,1024,outputs/self_bleu_full_vocab/qwen3_0p6b_v1/summary.json,self_bleu,0.023874544693833842,0.019274468260946847,0.028503141216962964
0p6b_full,textseal_on,null,400,outputs/self_bleu_full_vocab/qwen3_0p6b_v1/summary.json,distinct_3,-0.01251256281407035,-0.02055339195979899,-0.0060552763819095405
0p6b_full,textseal_on,null,400,outputs/self_bleu_full_vocab/qwen3_0p6b_v1/summary.json,repeated_4gram_fraction,0.008463476070528967,0.0028457178841309796,0.01602078085642317
0p6b_full,textseal_on,null,400,outputs/self_bleu_full_vocab/qwen3_0p6b_v1/summary.json,self_bleu,0.031790740485235086,0.024189145334894902,0.03980515662856253
0p6b_full,gumbel_on,null,1024,outputs/self_bleu_full_vocab/qwen3_0p6b_v1/summary.json,distinct_3,-0.018855185909980435,-0.032418542074364,-0.0028835616438356417
0p6b_full,gumbel_on,null,1024,outputs/self_bleu_full_vocab/qwen3_0p6b_v1/summary.json,repeated_4gram_fraction,0.007835455435847205,-0.007025465230166507,0.02004211557296766
0p6b_full,gumbel_on,null,1024,outputs/self_bleu_full_vocab/qwen3_0p6b_v1/summary.json,self_bleu,0.2045444598135446,0.1774915589917919,0.23353011902241236
0p6b_full,gumbel_on,null,400,outputs/self_bleu_full_vocab/qwen3_0p6b_v1/summary.json,distinct_3,-0.008015075376884425,-0.01339195979899498,-0.002586683417085433
0p6b_full,gumbel_on,null,400,outputs/self_bleu_full_vocab/qwen3_0p6b_v1/summary.json,repeated_4gram_fraction,0.003022670025188918,-0.0003526448362720348,0.006372795969773295
0p6b_full,gumbel_on,null,400,outputs/self_bleu_full_vocab/qwen3_0p6b_v1/summary.json,self_bleu,0.41751304755783913,0.3550470192229734,0.48301903947479313
8b_t07,prc,synthid_depth2,1024,outputs/self_bleu_temperature/t07_v1/summary.json,distinct_3,-0.03404109589041095,-0.08222407045009786,0.01702079256360076
8b_t07,prc,synthid_depth2,1024,outputs/self_bleu_temperature/t07_v1/summary.json,repeated_4gram_fraction,0.03611165523996083,-0.01855093046033299,0.08709329089128304
8b_t07,prc,synthid_depth2,1024,outputs/self_bleu_temperature/t07_v1/summary.json,self_bleu,-0.010975262322831088,-0.01975932199496661,-0.0022653950926589134
8b_t07,prc,synthid_depth2,1024,outputs/self_bleu_temperature/t07_v1/summary.json,tpr,-0.9,-0.95,-0.84
8b_t07,prc,synthid_depth2,400,outputs/self_bleu_temperature/t07_v1/summary.json,distinct_3,-0.005376884422110537,-0.041381909547738675,0.02937751256281406
8b_t07,prc,synthid_depth2,400,outputs/self_bleu_temperature/t07_v1/summary.json,repeated_4gram_fraction,0.0069017632241813575,-0.02650251889168766,0.040028967254408056
8b_t07,prc,synthid_depth2,400,outputs/self_bleu_temperature/t07_v1/summary.json,self_bleu,-0.014595723152236595,-0.024099575821842488,-0.005319496675031837
8b_t07,prc,synthid_depth2,400,outputs/self_bleu_temperature/t07_v1/summary.json,tpr,-0.86,-0.92025,-0.79
8b_t07,prc,synthid_depth10,1024,outputs/self_bleu_temperature/t07_v1/summary.json,distinct_3,-0.026976516634050877,-0.0679258806262231,0.012261497064579257
8b_t07,prc,synthid_depth10,1024,outputs/self_bleu_temperature/t07_v1/summary.json,repeated_4gram_fraction,0.027149853085210573,-0.016148139079333993,0.07092311459353574
8b_t07,prc,synthid_depth10,1024,outputs/self_bleu_temperature/t07_v1/summary.json,self_bleu,-0.012807191021637814,-0.022329128250331474,-0.0036042253786421554
8b_t07,prc,synthid_depth10,1024,outputs/self_bleu_temperature/t07_v1/summary.json,tpr,-0.97,-1.0,-0.93
8b_t07,prc,synthid_depth10,400,outputs/self_bleu_temperature/t07_v1/summary.json,distinct_3,-0.006834170854271362,-0.043297110552763814,0.02666268844221101
8b_t07,prc,synthid_depth10,400,outputs/self_bleu_temperature/t07_v1/summary.json,repeated_4gram_fraction,0.008866498740554153,-0.023602015113350125,0.0442594458438287
8b_t07,prc,synthid_depth10,400,outputs/self_bleu_temperature/t07_v1/summary.json,self_bleu,-0.017612497374312315,-0.028023410775340932,-0.008288408922440113
8b_t07,prc,synthid_depth10,400,outputs/self_bleu_temperature/t07_v1/summary.json,tpr,-0.99,-1.0,-0.97
8b_t07,prc,null,1024,outputs/self_bleu_temperature/t07_v1/summary.json,distinct_3,-0.04563600782778864,-0.10256360078277885,0.008369373776908036
8b_t07,prc,null,1024,outputs/self_bleu_temperature/t07_v1/summary.json,repeated_4gram_fraction,0.04773751224289912,-0.009658667972575892,0.10852840352595486
8b_t07,prc,null,1024,outputs/self_bleu_temperature/t07_v1/summary.json,self_bleu,-0.003933238931765552,-0.01346448038818195,0.005244765630610908
8b_t07,prc,null,400,outputs/self_bleu_temperature/t07_v1/summary.json,distinct_3,-0.012587939698492468,-0.05050628140703518,0.021510050251256265
8b_t07,prc,null,400,outputs/self_bleu_temperature/t07_v1/summary.json,repeated_4gram_fraction,0.015340050377833748,-0.01889231738035265,0.05277644836272038
8b_t07,prc,null,400,outputs/self_bleu_temperature/t07_v1/summary.json,self_bleu,-0.006700449311798127,-0.015111393765890574,0.0010882157336059755
8b_t07,synthid_depth2,null,1024,outputs/self_bleu_temperature/t07_v1/summary.json,distinct_3,-0.011594911937377692,-0.062125244618395296,0.03810396281800389
8b_t07,synthid_depth2,null,1024,outputs/self_bleu_temperature/t07_v1/summary.json,repeated_4gram_fraction,0.011625857002938295,-0.04045372184133203,0.06458055827619977
8b_t07,synthid_depth2,null,1024,outputs/self_bleu_temperature/t07_v1/summary.json,self_bleu,0.007042023391065533,-0.0028217370780881353,0.01653143947242757
8b_t07,synthid_depth2,null,400,outputs/self_bleu_temperature/t07_v1/summary.json,distinct_3,-0.00721105527638193,-0.039076005025125655,0.025028266331658246
8b_t07,synthid_depth2,null,400,outputs/self_bleu_temperature/t07_v1/summary.json,repeated_4gram_fraction,0.00843828715365239,-0.02360579345088161,0.04040491183879092
8b_t07,synthid_depth2,null,400,outputs/self_bleu_temperature/t07_v1/summary.json,self_bleu,0.00789527384043847,-0.002913441315008241,0.018729404266564713
8b_t07,synthid_depth10,null,1024,outputs/self_bleu_temperature/t07_v1/summary.json,distinct_3,-0.018659491193737766,-0.07426394324853229,0.033808463796477464
8b_t07,synthid_depth10,null,1024,outputs/self_bleu_temperature/t07_v1/summary.json,repeated_4gram_fraction,0.020587659157688544,-0.035428746327130264,0.07961141038197843
8b_t07,synthid_depth10,null,1024,outputs/self_bleu_temperature/t07_v1/summary.json,self_bleu,0.008873952089872263,-0.0013894595520106926,0.01980384543628043
8b_t07,synthid_depth10,null,400,outputs/self_bleu_temperature/t07_v1/summary.json,distinct_3,-0.005753768844221106,-0.035734296482412074,0.02226319095477388
8b_t07,synthid_depth10,null,400,outputs/self_bleu_temperature/t07_v1/summary.json,repeated_4gram_fraction,0.006473551637279596,-0.021587531486146096,0.03639924433249369
8b_t07,synthid_depth10,null,400,outputs/self_bleu_temperature/t07_v1/summary.json,self_bleu,0.010912048062514185,0.002418275200844501,0.019680225357801152
8b_full,prc,textseal_off,400,outputs/self_bleu_repeat/paired_comparison/summary.json,distinct_3,0.09032663316582916,0.06437185929648243,0.11650942211055276
8b_full,prc,textseal_off,400,outputs/self_bleu_repeat/paired_comparison/summary.json,repeated_4gram_fraction,-0.09032745591939546,-0.11720906801007556,-0.06475944584382873
8b_full,prc,textseal_off,400,outputs/self_bleu_repeat/paired_comparison/summary.json,self_bleu,-0.037314820864673665,-0.04821406497623643,-0.02715671602795028
8b_full,prc,textseal_off,400,outputs/self_bleu_repeat/paired_comparison/summary.json,tpr,-0.45,-0.56,-0.35
8b_full,prc,textseal_off,1024,outputs/self_bleu_repeat/paired_comparison/summary.json,distinct_3,0.29584148727984344,0.24744569471624267,0.343271771037182
8b_full,prc,textseal_off,1024,outputs/self_bleu_repeat/paired_comparison/summary.json,repeated_4gram_fraction,-0.29790401567091085,-0.34569588638589616,-0.24919809010773755
8b_full,prc,textseal_off,1024,outputs/self_bleu_repeat/paired_comparison/summary.json,self_bleu,-0.018802507041852795,-0.025600107715626454,-0.01205050778127843
8b_full,prc,textseal_off,1024,outputs/self_bleu_repeat/paired_comparison/summary.json,tpr,-0.03,-0.07,0.0
8b_full,prc,gumbel_off,400,outputs/self_bleu_repeat/paired_comparison/summary.json,distinct_3,0.24027638190954773,0.1722719849246231,0.31146859296482404
8b_full,prc,gumbel_off,400,outputs/self_bleu_repeat/paired_comparison/summary.json,repeated_4gram_fraction,-0.24335012594458444,-0.3150906801007557,-0.17512531486146102
8b_full,prc,gumbel_off,400,outputs/self_bleu_repeat/paired_comparison/summary.json,self_bleu,-0.9809944252700723,-0.9835972869260611,-0.9781801950297149
8b_full,prc,gumbel_off,400,outputs/self_bleu_repeat/paired_comparison/summary.json,tpr,-0.45,-0.56,-0.35
8b_full,prc,gumbel_off,1024,outputs/self_bleu_repeat/paired_comparison/summary.json,distinct_3,0.48416829745596873,0.409241927592955,0.5604794520547944
8b_full,prc,gumbel_off,1024,outputs/self_bleu_repeat/paired_comparison/summary.json,repeated_4gram_fraction,-0.49346718903036235,-0.5707908912830558,-0.4175053868756123
8b_full,prc,gumbel_off,1024,outputs/self_bleu_repeat/paired_comparison/summary.json,self_bleu,-0.9811024704544071,-0.9841900192951144,-0.9777258611184503
8b_full,prc,gumbel_off,1024,outputs/self_bleu_repeat/paired_comparison/summary.json,tpr,-0.03,-0.07,0.0
8b_full,prc,textseal_on,400,outputs/self_bleu_repeat/paired_comparison/summary.json,distinct_3,0.0036934673366834227,-0.00269032663316583,0.010025125628140707
8b_full,prc,textseal_on,400,outputs/self_bleu_repeat/paired_comparison/summary.json,repeated_4gram_fraction,-0.0021914357682619634,-0.006700251889168764,0.0024943324937027733
8b_full,prc,textseal_on,400,outputs/self_bleu_repeat/paired_comparison/summary.json,self_bleu,-0.03920307536505077,-0.050653940409655054,-0.028435909651356964
8b_full,prc,textseal_on,400,outputs/self_bleu_repeat/paired_comparison/summary.json,tpr,-0.45,-0.56,-0.35
8b_full,prc,textseal_on,1024,outputs/self_bleu_repeat/paired_comparison/summary.json,distinct_3,0.009706457925635993,-0.0009297945205479501,0.020284246575342457
8b_full,prc,textseal_on,1024,outputs/self_bleu_repeat/paired_comparison/summary.json,repeated_4gram_fraction,-0.0035749265426052914,-0.011988246816846236,0.004897159647404492
8b_full,prc,textseal_on,1024,outputs/self_bleu_repeat/paired_comparison/summary.json,self_bleu,-0.02837256909920335,-0.03531200144403114,-0.022010585899076937
8b_full,prc,textseal_on,1024,outputs/self_bleu_repeat/paired_comparison/summary.json,tpr,-0.03,-0.07,0.0
8b_full,prc,gumbel_on,400,outputs/self_bleu_repeat/paired_comparison/summary.json,distinct_3,0.00419597989949749,-0.002438442211055279,0.010681532663316572
8b_full,prc,gumbel_on,400,outputs/self_bleu_repeat/paired_comparison/summary.json,repeated_4gram_fraction,-0.0013350125944584367,-0.005416246851385392,0.002720403022670029
8b_full,prc,gumbel_on,400,outputs/self_bleu_repeat/paired_comparison/summary.json,self_bleu,-0.3747405736020502,-0.42993355646378073,-0.32084243598495016
8b_full,prc,gumbel_on,400,outputs/self_bleu_repeat/paired_comparison/summary.json,tpr,-0.45,-0.56,-0.35
8b_full,prc,gumbel_on,1024,outputs/self_bleu_repeat/paired_comparison/summary.json,distinct_3,0.010528375733855186,-0.002876956947162414,0.02487499999999998
8b_full,prc,gumbel_on,1024,outputs/self_bleu_repeat/paired_comparison/summary.json,repeated_4gram_fraction,-0.004299706170421155,-0.015976248775710085,0.0064938785504407405
8b_full,prc,gumbel_on,1024,outputs/self_bleu_repeat/paired_comparison/summary.json,self_bleu,-0.188286580725409,-0.2124789701445477,-0.16445122719353866
8b_full,prc,gumbel_on,1024,outputs/self_bleu_repeat/paired_comparison/summary.json,tpr,-0.03,-0.07,0.0
