timestamp_utc,modal_app_url,modal_task_id,run_kind,requested_gpu,actual_gpu,gpu_function_seconds,peak_cuda_allocated_bytes,peak_cuda_reserved_bytes,provider_gpu_cost_usd,provider_cpu_cost_usd,provider_memory_cost_usd,provider_total_cost_usd,billing_status
2026-08-22T23:45:00Z,https://modal.com/apps/new-prc-watermark/main/ap-BXWuxbn6cqRvdv4U4GqdwA,,image_build_and_prompt_order_preflight_failure,A10G,,0,,,0.00000000,0.00349207,0.00009602,0.00358809,exact_modal_billing_report
2026-08-22T23:47:39Z,https://modal.com/apps/new-prc-watermark/main/ap-4SLJWg0N87rPXwagp9p2pn,,numpy2_cache_pickle_preflight_failure,,,,,0.00000000,0.00010511,0.00003556,0.00014067,exact_modal_billing_report
2026-08-22T23:48:00Z,https://modal.com/apps/new-prc-watermark/main/ap-A0U5XFKCqT10UGq6QvN3DY,,cpu_cache_preflight_success,,,,,0.00000000,0.00010512,0.00003556,0.00014068,exact_modal_billing_report
2026-08-22T23:48:00Z,https://modal.com/apps/new-prc-watermark/main/ap-GIlStAeGdu8QkEkaO5fZkj,,cpu_cache_preflight_success,,,,,0.00000000,0.00010511,0.00003555,0.00014066,exact_modal_billing_report
2026-08-22T23:48:59Z,https://modal.com/apps/new-prc-watermark/main/ap-tCk246wNIwezmEEC16fPhK,,cpu_textseal_reference_tolerance_failure,,,,,0.00000000,0.00026279,0.00008889,0.00035168,exact_modal_billing_report
2026-08-22T23:49:49Z,https://modal.com/apps/new-prc-watermark/main/ap-xuH1R37l3zgMwVxKJU2Wol,,cpu_official_reference_success,,,,,0.00000000,0.00026826,0.00008889,0.00035715,exact_modal_billing_report
2026-08-23T01:00:00Z,https://modal.com/apps/new-prc-watermark/main/ap-1iixIhnnPGpk1lkca70avS,,cpu_official_reference_success,,,,,0.00000000,0.00026276,0.00008888,0.00035164,exact_modal_billing_report
2026-08-23T01:00:00Z,https://modal.com/apps/new-prc-watermark/main/ap-NRBqvptmbYHabvJPe1XOKo,,gpu_loader_sigsegv_fail_closed,H100,NVIDIA H100 80GB HBM3,187.909927415,,,0.21286019,0.01435135,0.02209770,0.24930924,exact_modal_billing_report
2026-08-23T01:00:00Z,https://modal.com/apps/new-prc-watermark/main/ap-SuheIqynpXQcqESHZ1NsAS,,gpu_textseal_late_import_sigsegv_fail_closed,H100,NVIDIA H100 80GB HBM3,154.978093183,,,0.17555574,0.01263167,0.01848890,0.20667631,exact_modal_billing_report
2026-08-23T01:00:00Z,https://modal.com/apps/new-prc-watermark/main/ap-lWXhTGSYYmLEjZtTzpG209,,gpu_textseal_late_import_sigsegv_fail_closed,H100,NVIDIA H100 80GB HBM3,58.431116233,,,0.06618947,0.00734494,0.00783907,0.08137348,exact_modal_billing_report
2026-08-23T01:00:00Z,https://modal.com/apps/new-prc-watermark/main/ap-Kk64l28SaYUuTgORKpF2Vx,,gpu_late_import_diagnostic_failure,H100,NVIDIA H100 80GB HBM3,40.686400196,,,0.04608865,0.00220759,0.00448052,0.05277676,exact_modal_billing_report
2026-08-23T01:49:04Z,https://modal.com/apps/new-prc-watermark/main/ap-105EluWmvotE3xx1UynNNr,,gpu_no_generation_model_diagnostic_success,H100,NVIDIA H100 80GB HBM3,49.961317312,17668689920,17702060032,0.05659507,0.00271083,0.00550190,0.06480780,exact_modal_billing_report
2026-08-23T01:52:57Z,https://modal.com/apps/new-prc-watermark/main/ap-HFc296LDzTrcWDjbEKpJkR,,gpu_preloaded_official_runtime_diagnostic_success,H100,NVIDIA H100 80GB HBM3,27.121056400,17668689920,17702060032,0.03072213,0.00147155,0.00298666,0.03518034,exact_modal_billing_report
2026-08-23T01:00:00Z,https://modal.com/apps/new-prc-watermark/main/ap-jboNDpD5JjIfs9Ld1YL1Fe,,smoke_attempt_synthid_device_string_failure,H100,NVIDIA H100 80GB HBM3,44.556806278,,,0.05047296,0.00584767,0.00606229,0.06238292,exact_modal_billing_report
2026-08-23T01:58:24Z,https://modal.com/apps/new-prc-watermark/main/ap-ZEwIv5wljqlERa1g0jX7EW,ta-01M0P5F4NN27F69CT9A4RG9J2R,five_prompt_generation_complete_validation_guard_commit,H100,NVIDIA H100 80GB HBM3,280.350079451,17668689920,17702060032,0.31757434,0.01985231,0.03243750,0.36986415,exact_modal_billing_report
2026-08-23T02:00:00Z,https://modal.com/apps/new-prc-watermark/main/ap-KyiqVEEZCjdOQHHf6gLCoN,,cpu_committed_generation_scoring_success,,,,,0.00000000,0.00379151,0.00128002,0.00507153,exact_modal_billing_report
2026-08-23T02:00:00Z,https://modal.com/apps/new-prc-watermark/main/ap-baHDIzkDwyiqSy1dX9uXM9,ta-01M0P6K7FEQXQ9WE72X1E5Y1DR,gumbel_equal_shape_seed_validation,H100,NVIDIA H100 80GB HBM3,65.671353605,17668689920,17702060032,0.07439105,0.00356324,0.00723194,0.08518623,exact_modal_billing_report
2026-08-23T02:00:00Z,https://modal.com/apps/new-prc-watermark/main/ap-PuWC1IWNDwgUUhdl4UKgSY,ta-01M0P6RXCB0J2WYA39V1Y0643R,textseal_synthid_equal_shape_seed_validation,H100,NVIDIA H100 80GB HBM3,127.857654733,17668689920,17702060032,0.14483431,0.00693738,0.01408009,0.16585178,exact_modal_billing_report
2026-08-23T02:00:00Z,https://modal.com/apps/new-prc-watermark/main/ap-EhhXaz6djeni1mYxieFFol,,cpu_final_scoring_manifest_writer_typo,,,,,0.00000000,0.00367887,0.00124444,0.00492331,exact_modal_billing_report
2026-08-23T02:00:00Z,https://modal.com/apps/new-prc-watermark/main/ap-oiu3FlsnEYnpe4clDifycW,ta-01M0P7H5G94M7T0JMR69SRS02R,cpu_final_scoring_and_artifact_finalization_success,,,,,0.00000000,0.00392006,0.00132356,0.00524362,exact_modal_billing_report
TOTAL,,,all_controlled_baseline_integration_smoke_and_seed_validation,,,,,1.17528391,0.09291019,0.12552394,1.39371804,exact_modal_billing_report
