n,T,r,free_coordinates,tp,watermarked_total,tpr,above_target,target_map_tpr,prefix_online_support_sha256,source_T,source_tag
2048,2048,2028,20,484,500,0.968,True,0.9,f2135d78a6d5cbe626b63ff3e45371579d756fc3292ae0ac6faaf1478d6519b0,2048,online_causal_prc_v1/qwen3_0p6b_base/n2048_T2048_t3_eta0.15_rr99of100_sampler-poscdf-v1
2032,2032,2012,20,484,500,0.968,True,0.9,bde7945ac7ffd7bd76cc945b12788607f8571d865aef14972f1886e228bb7a0e,2048,online_causal_prc_v1/qwen3_0p6b_base/n2048_T2048_t3_eta0.15_rr99of100_sampler-poscdf-v1
2016,2016,1996,20,484,500,0.968,True,0.9,fd3954f2780ed7708ee9f1fb2ad851fca5234e79d00db941fd74be1617863c35,2048,online_causal_prc_v1/qwen3_0p6b_base/n2048_T2048_t3_eta0.15_rr99of100_sampler-poscdf-v1
2000,2000,1980,20,482,500,0.964,True,0.9,415c251324f3b9ac30d11d9b84f8fc179240949b51f52f3b6ee5065e6b8a879d,2048,online_causal_prc_v1/qwen3_0p6b_base/n2048_T2048_t3_eta0.15_rr99of100_sampler-poscdf-v1
1984,1984,1964,20,481,500,0.962,True,0.9,d2f1c78a619d8db28532f464930b43896d927b267e1bcf85bf9622009687d8f3,2048,online_causal_prc_v1/qwen3_0p6b_base/n2048_T2048_t3_eta0.15_rr99of100_sampler-poscdf-v1
1968,1968,1948,20,480,500,0.96,True,0.9,a7aaef3cee072b9990c90ef533e1af27a4d0b42629191486ced94d635a154f9c,2048,online_causal_prc_v1/qwen3_0p6b_base/n2048_T2048_t3_eta0.15_rr99of100_sampler-poscdf-v1
1952,1952,1932,20,479,500,0.958,True,0.9,95aebe22ac40cdce840daa38a4ea96e7c38abbfe2a265d492de1d2e9a691cce0,2048,online_causal_prc_v1/qwen3_0p6b_base/n2048_T2048_t3_eta0.15_rr99of100_sampler-poscdf-v1
1936,1936,1917,19,479,500,0.958,True,0.9,b80705ab22495dc68013a5a03910f3424a9b6061f7c59590fb1d9969f2ee6c3f,2048,online_causal_prc_v1/qwen3_0p6b_base/n2048_T2048_t3_eta0.15_rr99of100_sampler-poscdf-v1
1920,1920,1901,19,481,500,0.962,True,0.9,d1ec26e9161ca5aac42d3e50b50e3ed9e1acfa15444578c3b2c1a377fd27070e,2048,online_causal_prc_v1/qwen3_0p6b_base/n2048_T2048_t3_eta0.15_rr99of100_sampler-poscdf-v1
1904,1904,1885,19,480,500,0.96,True,0.9,62fa34f86dd3bb8ba4dcc19372b3a8b93eb30b6e053729e42d4c924ba9846c30,2048,online_causal_prc_v1/qwen3_0p6b_base/n2048_T2048_t3_eta0.15_rr99of100_sampler-poscdf-v1
1888,1888,1869,19,477,500,0.954,True,0.9,d88778792d68ec470299df286a5d46fa8b780d12d13a7b9a77e4139412f0c09b,2048,online_causal_prc_v1/qwen3_0p6b_base/n2048_T2048_t3_eta0.15_rr99of100_sampler-poscdf-v1
1872,1872,1853,19,478,500,0.956,True,0.9,3c8c8ee095fd0c7678e3f14847a3932227c7d4fe8daebf1d91319c23d9de7c15,2048,online_causal_prc_v1/qwen3_0p6b_base/n2048_T2048_t3_eta0.15_rr99of100_sampler-poscdf-v1
1856,1856,1837,19,478,500,0.956,True,0.9,ab43b6d09880eeba957641caf462732cfa4b987c7a41fdb7a1df8ad26f06c4aa,2048,online_causal_prc_v1/qwen3_0p6b_base/n2048_T2048_t3_eta0.15_rr99of100_sampler-poscdf-v1
1840,1840,1822,18,477,500,0.954,True,0.9,702d7552ec7436bd7cb99999820629edd3eaca7861ad310132060bb5568db6fd,2048,online_causal_prc_v1/qwen3_0p6b_base/n2048_T2048_t3_eta0.15_rr99of100_sampler-poscdf-v1
1824,1824,1806,18,477,500,0.954,True,0.9,6c4a8c41f8b9aca1de078f16e113a7261b073473a54e15aa4c7dd508b2ba2460,2048,online_causal_prc_v1/qwen3_0p6b_base/n2048_T2048_t3_eta0.15_rr99of100_sampler-poscdf-v1
1808,1808,1790,18,475,500,0.95,True,0.9,49739faff09ad3ed2e7ecfb255047895671a7b9c67c45943c723b773ffbba9e1,2048,online_causal_prc_v1/qwen3_0p6b_base/n2048_T2048_t3_eta0.15_rr99of100_sampler-poscdf-v1
1792,1792,1774,18,472,500,0.944,True,0.9,1f8ac977439de7c6d0d3ffeb16300857d68a77ff2046dea33d48257a85de5095,2048,online_causal_prc_v1/qwen3_0p6b_base/n2048_T2048_t3_eta0.15_rr99of100_sampler-poscdf-v1
1776,1776,1758,18,472,500,0.944,True,0.9,8d03af35edd69f5a209823b79b74e636509f05197bbe3b539c603e2fcf3bc16b,2048,online_causal_prc_v1/qwen3_0p6b_base/n2048_T2048_t3_eta0.15_rr99of100_sampler-poscdf-v1
1760,1760,1742,18,473,500,0.946,True,0.9,2a94202562bf521aed994ae22392af9ecfebab1b5cff8ca97e6a294d6b703741,2048,online_causal_prc_v1/qwen3_0p6b_base/n2048_T2048_t3_eta0.15_rr99of100_sampler-poscdf-v1
1744,1744,1727,17,471,500,0.942,True,0.9,29f3b94cb4b6ff3f936d3e6d47f9afa21b20f99af75528cabb2565baa08244e9,2048,online_causal_prc_v1/qwen3_0p6b_base/n2048_T2048_t3_eta0.15_rr99of100_sampler-poscdf-v1
1728,1728,1711,17,470,500,0.94,True,0.9,6f6f9d94e34c10b64bbd654b9f187630ed058943ea87a3221ec135ac8dbe4ed7,2048,online_causal_prc_v1/qwen3_0p6b_base/n2048_T2048_t3_eta0.15_rr99of100_sampler-poscdf-v1
1712,1712,1695,17,468,500,0.936,True,0.9,287b39edbc5132611fd71b138bf93f0533e90db7677f6f76810d5cff76dbf365,2048,online_causal_prc_v1/qwen3_0p6b_base/n2048_T2048_t3_eta0.15_rr99of100_sampler-poscdf-v1
1696,1696,1679,17,469,500,0.938,True,0.9,98d70b0817274c3cdc29cfeee4016d4fcf854ac495790f3927e7482868ab81c8,2048,online_causal_prc_v1/qwen3_0p6b_base/n2048_T2048_t3_eta0.15_rr99of100_sampler-poscdf-v1
1680,1680,1663,17,467,500,0.934,True,0.9,571532bf36b8e446945170df505bed483cf5fa59c05fb567834d763cbec906c6,2048,online_causal_prc_v1/qwen3_0p6b_base/n2048_T2048_t3_eta0.15_rr99of100_sampler-poscdf-v1
1664,1664,1647,17,465,500,0.93,True,0.9,0f8a1d3980143ed04f09f14d1abb6089776afa6a9cb26a0b643b2165c88fd4dd,2048,online_causal_prc_v1/qwen3_0p6b_base/n2048_T2048_t3_eta0.15_rr99of100_sampler-poscdf-v1
1648,1648,1632,16,463,500,0.926,True,0.9,442e4a4bc09bfe0971f59cf76a0308795d5cea8bdf3d00a9188fbcb276c94280,2048,online_causal_prc_v1/qwen3_0p6b_base/n2048_T2048_t3_eta0.15_rr99of100_sampler-poscdf-v1
1632,1632,1616,16,462,500,0.924,True,0.9,5b21212dc0243daf48c61b5d09012922895d496ce96b44347a30a54f34970412,2048,online_causal_prc_v1/qwen3_0p6b_base/n2048_T2048_t3_eta0.15_rr99of100_sampler-poscdf-v1
1616,1616,1600,16,462,500,0.924,True,0.9,1feb05dd55952a46136bf778c9bbe9a6f687ba23f434642a0fb202d9c9c59153,2048,online_causal_prc_v1/qwen3_0p6b_base/n2048_T2048_t3_eta0.15_rr99of100_sampler-poscdf-v1
1600,1600,1584,16,458,500,0.916,True,0.9,5ed6f0174556f48dd31b671cc23612504f4a6025ebc7a4391b48c662a01b7964,2048,online_causal_prc_v1/qwen3_0p6b_base/n2048_T2048_t3_eta0.15_rr99of100_sampler-poscdf-v1
1584,1584,1568,16,459,500,0.918,True,0.9,efceeadd28b6af459f352aa2371b0f570a5f3023b1ad1cc47203f5369ac8692b,2048,online_causal_prc_v1/qwen3_0p6b_base/n2048_T2048_t3_eta0.15_rr99of100_sampler-poscdf-v1
1568,1568,1552,16,456,500,0.912,True,0.9,6ac4231ce947abf3c65ffa807a8417403bc29e668be019b2f4273fec7a2413c8,2048,online_causal_prc_v1/qwen3_0p6b_base/n2048_T2048_t3_eta0.15_rr99of100_sampler-poscdf-v1
1552,1552,1536,16,456,500,0.912,True,0.9,8c2fd6aa6a7e5c0bf5cce90b295fbc0933d093f0ff64f0d228ef4b9ec27b1e51,2048,online_causal_prc_v1/qwen3_0p6b_base/n2048_T2048_t3_eta0.15_rr99of100_sampler-poscdf-v1
1536,1536,1521,15,452,500,0.904,True,0.9,0224297c43aba5a6763cdf01d07e450ac491d5f76d0eff252bbc8b84c9101efa,2048,online_causal_prc_v1/qwen3_0p6b_base/n2048_T2048_t3_eta0.15_rr99of100_sampler-poscdf-v1
1520,1520,1505,15,452,500,0.904,True,0.9,04f0df6e76ff4e1cd5f94b0695c58e6d9fcb3a38ebfcdba5dd7ccb7ab7d763db,2048,online_causal_prc_v1/qwen3_0p6b_base/n2048_T2048_t3_eta0.15_rr99of100_sampler-poscdf-v1
1504,1504,1489,15,453,500,0.906,True,0.9,37fea9c59784d1860f90d447086d350b1d994a83a5b028ddfcf5bab61cef8050,2048,online_causal_prc_v1/qwen3_0p6b_base/n2048_T2048_t3_eta0.15_rr99of100_sampler-poscdf-v1
1488,1488,1473,15,446,500,0.892,False,0.9,dc069aaaec1a1408ccb9dfd90922ba2b0e477185a95a49964f972435a047aeaa,2048,online_causal_prc_v1/qwen3_0p6b_base/n2048_T2048_t3_eta0.15_rr99of100_sampler-poscdf-v1
1472,1472,1457,15,440,500,0.88,False,0.9,6500e6bbc5a77a4f8ecdc6f44493fcba64dd33e3748d14fcf007cc35a02a1c68,2048,online_causal_prc_v1/qwen3_0p6b_base/n2048_T2048_t3_eta0.15_rr99of100_sampler-poscdf-v1
1456,1456,1441,15,444,500,0.888,False,0.9,ce19a056f7c9ca7f617a16736f3034cced1e3034f878cbb0e4dd2233e72ba5fe,2048,online_causal_prc_v1/qwen3_0p6b_base/n2048_T2048_t3_eta0.15_rr99of100_sampler-poscdf-v1
1440,1440,1426,14,436,500,0.872,False,0.9,8eb78ec85e8ecc5f885644e76eaafdfe2f59a5d5ea28cdb6a65a1a84c9434bf8,2048,online_causal_prc_v1/qwen3_0p6b_base/n2048_T2048_t3_eta0.15_rr99of100_sampler-poscdf-v1
1424,1424,1410,14,432,500,0.864,False,0.9,43765c106accc8f0334f81b757a2de24fa9609b5a184697e2ba5377b96392dd2,2048,online_causal_prc_v1/qwen3_0p6b_base/n2048_T2048_t3_eta0.15_rr99of100_sampler-poscdf-v1
1408,1408,1394,14,430,500,0.86,False,0.9,29a1d4d843a88f9970f5b3094b074a159126f5ed62e4cd119f6813a9dc940e62,2048,online_causal_prc_v1/qwen3_0p6b_base/n2048_T2048_t3_eta0.15_rr99of100_sampler-poscdf-v1
1392,1392,1378,14,428,500,0.856,False,0.9,6e348d6991c6f401ec12361da281621796cd8839a2bb651697e34578d844ad99,2048,online_causal_prc_v1/qwen3_0p6b_base/n2048_T2048_t3_eta0.15_rr99of100_sampler-poscdf-v1
1376,1376,1362,14,429,500,0.858,False,0.9,1678439d07ef1b0a86e739c8e50d4ef4becd47fefb6eb34b79cfce2ccc9ba1e9,2048,online_causal_prc_v1/qwen3_0p6b_base/n2048_T2048_t3_eta0.15_rr99of100_sampler-poscdf-v1
1360,1360,1346,14,427,500,0.854,False,0.9,b684b1fefe2f368e340d555cc86c17bcd5311f1c5185e7d2ec3596e9cb1216de,2048,online_causal_prc_v1/qwen3_0p6b_base/n2048_T2048_t3_eta0.15_rr99of100_sampler-poscdf-v1
1344,1344,1331,13,425,500,0.85,False,0.9,9e09d3057fcb3d449e8bf0aa63c3b535df1131cf829eec98ff7856ba93336573,2048,online_causal_prc_v1/qwen3_0p6b_base/n2048_T2048_t3_eta0.15_rr99of100_sampler-poscdf-v1
1328,1328,1315,13,424,500,0.848,False,0.9,7d7edb4f3480531a0852bbff3cfb4ac635d86d83bc3b22c0064f4c249c819937,2048,online_causal_prc_v1/qwen3_0p6b_base/n2048_T2048_t3_eta0.15_rr99of100_sampler-poscdf-v1
1312,1312,1299,13,422,500,0.844,False,0.9,1e8b4dea8b888a946903b79424f66c6972528c6533eb65c2ec0d3af256a0314a,2048,online_causal_prc_v1/qwen3_0p6b_base/n2048_T2048_t3_eta0.15_rr99of100_sampler-poscdf-v1
1296,1296,1283,13,418,500,0.836,False,0.9,81fae714d0ee780686d6fd05ddb308b4391e6fb4fb8eb5952634337c2068bb83,2048,online_causal_prc_v1/qwen3_0p6b_base/n2048_T2048_t3_eta0.15_rr99of100_sampler-poscdf-v1
1280,1280,1267,13,415,500,0.83,False,0.9,b8550dab2c9a8791b25542dc0bb3645319ebea13c25544cdf8d3937971625d0f,2048,online_causal_prc_v1/qwen3_0p6b_base/n2048_T2048_t3_eta0.15_rr99of100_sampler-poscdf-v1
1264,1264,1251,13,414,500,0.828,False,0.9,8140a705c3283861307bf42d1efe281b1e8d0b87f51ce29ab72d77ae297f1bf4,2048,online_causal_prc_v1/qwen3_0p6b_base/n2048_T2048_t3_eta0.15_rr99of100_sampler-poscdf-v1
1248,1248,1236,12,406,500,0.812,False,0.9,f12531e6b5af4d45181cfe1e0302ea77c1388d29cbeedf933cbaf2516e79ac0e,2048,online_causal_prc_v1/qwen3_0p6b_base/n2048_T2048_t3_eta0.15_rr99of100_sampler-poscdf-v1
1232,1232,1220,12,403,500,0.806,False,0.9,e1bd7ce6466ec1469e25234e0dc0c5ce36006fd1ab2fe76c5d998165b47b7b2d,2048,online_causal_prc_v1/qwen3_0p6b_base/n2048_T2048_t3_eta0.15_rr99of100_sampler-poscdf-v1
1216,1216,1204,12,397,500,0.794,False,0.9,76918c5145f040d98963c4317fa6601a8e892e5e61c1d467fb1c7ff66311c94f,2048,online_causal_prc_v1/qwen3_0p6b_base/n2048_T2048_t3_eta0.15_rr99of100_sampler-poscdf-v1
1200,1200,1188,12,393,500,0.786,False,0.9,f0a398a5bd65c493a6e713ca5d868bc7287ca55a3bf4947fcc96bb2cc559ab13,2048,online_causal_prc_v1/qwen3_0p6b_base/n2048_T2048_t3_eta0.15_rr99of100_sampler-poscdf-v1
1184,1184,1172,12,387,500,0.774,False,0.9,a01cdd1dbb0a7c7cc47d8bf04596490e8c20e1e1c5101afe6f3a94ea547ab9cf,2048,online_causal_prc_v1/qwen3_0p6b_base/n2048_T2048_t3_eta0.15_rr99of100_sampler-poscdf-v1
1168,1168,1156,12,384,500,0.768,False,0.9,eb539aa44172e1b9bc70abb2a7004e169b377625edc47e85173e96ca275d9bd8,2048,online_causal_prc_v1/qwen3_0p6b_base/n2048_T2048_t3_eta0.15_rr99of100_sampler-poscdf-v1
1152,1152,1140,12,384,500,0.768,False,0.9,d23dd399ed8f64cb931318c143c588100000771d0d1f57e2e80cf03c337c40ce,2048,online_causal_prc_v1/qwen3_0p6b_base/n2048_T2048_t3_eta0.15_rr99of100_sampler-poscdf-v1
1136,1136,1125,11,379,500,0.758,False,0.9,725644c767e71a3396a1e8e9a08ad74870dbd34641536f592e03d5b12c9fdd66,2048,online_causal_prc_v1/qwen3_0p6b_base/n2048_T2048_t3_eta0.15_rr99of100_sampler-poscdf-v1
1120,1120,1109,11,378,500,0.756,False,0.9,1563f4c5c36d7e0fffc16ed21be69dfa6744630183ba58f8712b0c93c94eaea2,2048,online_causal_prc_v1/qwen3_0p6b_base/n2048_T2048_t3_eta0.15_rr99of100_sampler-poscdf-v1
1104,1104,1093,11,378,500,0.756,False,0.9,4de9d7d43d98653206530408f8c0be8ba0dd5192db8d68b0fde3bb0c46be6bbc,2048,online_causal_prc_v1/qwen3_0p6b_base/n2048_T2048_t3_eta0.15_rr99of100_sampler-poscdf-v1
1088,1088,1077,11,372,500,0.744,False,0.9,0e17482d4e1506ddb7eaba22ef027353dc6c931e19bcec97400ef59d468a1c94,2048,online_causal_prc_v1/qwen3_0p6b_base/n2048_T2048_t3_eta0.15_rr99of100_sampler-poscdf-v1
1072,1072,1061,11,366,500,0.732,False,0.9,02ed23900805a4f040da7959fe34175f6ff4ea8fa4133ba0321af417391025f4,2048,online_causal_prc_v1/qwen3_0p6b_base/n2048_T2048_t3_eta0.15_rr99of100_sampler-poscdf-v1
1056,1056,1045,11,359,500,0.718,False,0.9,61ed1df966509fc861f51c74865f1402e8620838ccd7addec7bffec74cb2554e,2048,online_causal_prc_v1/qwen3_0p6b_base/n2048_T2048_t3_eta0.15_rr99of100_sampler-poscdf-v1
1040,1040,1030,10,356,500,0.712,False,0.9,65296202476798ee99adb9e908a9e813ed0242cb6a179b132d72c5dc7d2ba2cd,2048,online_causal_prc_v1/qwen3_0p6b_base/n2048_T2048_t3_eta0.15_rr99of100_sampler-poscdf-v1
1024,1024,1014,10,342,500,0.684,False,0.9,ab8804bfd36cd5a81b58202796c01690443810adefea38f49b85aefe4baa4f80,2048,online_causal_prc_v1/qwen3_0p6b_base/n2048_T2048_t3_eta0.15_rr99of100_sampler-poscdf-v1
