recorded_utc,phase,app_id,app_url,status,gpu,reused_watermarked_records,generated_watermarked_records,generated_suffix_tokens,model_token_positions_processed,measured_gpu_method_seconds,provider_h100_cost_usd,provider_cpu_cost_usd,provider_memory_cost_usd,provider_total_cost_usd,notes
2026-08-17T00:00:00Z,reusable_smoke,ap-tGLHmYKZE9p1Bk7iEaNaDY,https://modal.com/apps/new-prc-watermark/main/ap-tGLHmYKZE9p1Bk7iEaNaDY,completed,H100,0,5,20480,20480,118.2,0.18652737,0.00428864,0.00081704,0.19163305,"Generated and retained prompts 0--4 at n=T=4096 with batch 5; evaluated and saved MAP results at 4096 and 4080."
2026-08-17T00:00:00Z,smoke_cache_replay,ap-GCcq2yNYXZMRPIOYMuAXjv,https://modal.com/apps/new-prc-watermark/main/ap-GCcq2yNYXZMRPIOYMuAXjv,completed_cache_only,,5,0,0,0,0.0,0.00000000,0.00178410,0.00017430,0.00195840,"Verified exact-cache reuse of all five smoke records and all five prepared shards; reproduced both MAP rows with no GPU generation."
2026-08-17T00:00:00Z,production,ap-m5IJwWGfaLVU0w3nU1I0KL,https://modal.com/apps/new-prc-watermark/main/ap-m5IJwWGfaLVU0w3nU1I0KL,completed,H100,5,495,2027520,2027520,1851.5,2.43583495,0.04597667,0.00784737,2.48965899,"Reused smoke prompts 0--4; generated prompts 5--499 in four shards of 125+125+125+120 on four H100s; ten CPU shards evaluated 64 prefixes and stopped at n=3088 after MAP fell to 449/500."
2026-08-17T00:00:00Z,production_cache_replay,ap-qZesNqK5OOYIIPy6gQR7uz,https://modal.com/apps/new-prc-watermark/main/ap-qZesNqK5OOYIIPy6gQR7uz,completed_cache_only,,500,0,0,0,0.0,0.00000000,0.00520164,0.00042150,0.00562314,"Verified all 500 source records and all ten prepared shards were cache hits; reproduced every MAP count and the 3104/3088 stopping boundary with no GPU generation."
2026-08-17T00:00:00Z,PRODUCTION_SUBTOTAL,,,completed,H100,5,500,2048000,2048000,1969.7,2.62236232,0.05026531,0.00866441,2.68129204,"Reusable smoke plus production completion; provider costs before workspace credits."
2026-08-17T00:00:00Z,VERIFICATION_SUBTOTAL,,,completed_cache_only,,505,0,0,0,0.0,0.00000000,0.00698574,0.00059580,0.00758154,"Both cache-only verification replays; repeated record count reflects independent five-record and 500-record validations."
2026-08-17T00:00:00Z,TOTAL,,,completed,H100,,500,2048000,2048000,1969.7,2.62236232,0.05725105,0.00926021,2.68887358,"Complete campaign cost before workspace credits, including reusable generation, CPU detection, and both cache-verification replays."
2026-08-17T16:34:52Z,parallel_full_audit_n3104,ap-CnlxsDELinM89NUK3j0j6H,https://modal.com/apps/new-prc-watermark/main/ap-CnlxsDELinM89NUK3j0j6H,completed_cache_only,,500,0,0,0,0.0,0.00000000,0.01348730,0.00117823,0.01466553,"Reused all 500 T=4096 watermarked records as exact T=3104 prefixes and all 500 compatible T=8192 null records; ten one-core prompt shards scored MAP/entropy/naive in 102.1 wall seconds and persisted the shards plus combined result; no GPU launched."
2026-08-17T16:34:52Z,TOTAL_WITH_FULL_AUDIT,,,completed,H100,500,500,2048000,2048000,1969.7,2.62236232,0.07073835,0.01043844,2.70353911,"Complete eta=0.20 0.6B online campaign plus the cache-only selected-boundary MAP/entropy/naive audit; provider costs before workspace credits."
